value_1,value_2,result
35,51,0.68627451
95,94,1.010638298
50,70,0.714285714
61,22,2.772727273
53,94,0.563829787
90,1,90
8,20,0.4
2,53,0.037735849
11,31,0.35483871
10,2,5